id,time,item
100,10,c
101,77,j
101,77,c
101,77,g
101,158,i
101,158,h
101,158,e
101,162,f
101,162,g
101,162,i
102,22,c
102,22,f
102,44,i
102,44,f
102,109,h
102,109,g
102,203,j
102,203,f
102,249,g
102,249,h
103,35,i
103,35,f
103,119,j
103,119,i
103,211,f
103,211,c
103,289,e
103,289,i
104,93,j
104,93,b
104,93,f
104,93,a
104,117,j
104,117,d
104,117,b
104,117,i
104,134,a
104,134,f
104,134,c
104,134,d
105,14,a
106,47,c
107,66,j
107,66,a
107,97,a
107,97,f
108,43,a
108,82,i
108,180,a
109,79,b
109,79,f
109,79,a
109,136,g
109,136,h
109,136,i
109,177,e
109,177,j
109,177,g
109,260,a
109,260,e
109,260,c
110,12,i
110,12,a
110,43,b
110,43,e
111,29,j
111,119,e
111,206,e
111,273,c
111,277,g
112,65,b
112,65,a
113,13,i
113,13,h
113,71,g
113,71,d
114,54,j
114,54,a
114,107,c
114,107,b
114,191,a
114,191,i
114,206,e
114,206,f
115,87,d
115,87,a
115,87,h
116,81,h
116,107,j
116,116,e
116,119,e
117,96,d
117,110,f
118,17,b
118,17,j
118,17,f
118,17,g
118,44,a
118,44,h
118,44,e
118,44,f
118,102,i
118,102,h
118,102,g
118,102,e
118,152,e
118,152,i
118,152,g
118,152,b
119,45,i
120,8,c
120,8,e
120,57,h
120,57,c
120,124,c
120,124,i
120,220,f
120,220,i
121,32,d
121,32,g
121,77,h
121,77,a
121,153,g
121,153,i
121,159,g
121,159,e
121,249,f
121,249,i
122,97,d
122,97,g
122,97,a
123,67,a
123,67,g
123,67,d
123,160,b
123,160,g
123,160,i
123,258,j
123,258,d
123,258,h
123,336,g
123,336,h
123,336,e
124,91,f
124,91,a
124,153,j
124,153,h
124,239,e
124,239,i
124,297,j
124,297,f
125,32,c
125,32,h
125,80,c
125,80,a
125,116,a
125,116,f
125,120,j
125,120,h
126,63,i
126,63,e
126,72,e
126,72,f
126,154,i
126,154,b
127,76,i
127,76,b
127,115,h
127,115,i
127,144,a
127,144,b
127,158,d
127,158,f
128,42,h
128,42,e
128,42,c
129,34,h
129,34,d
129,34,f
129,34,c
129,79,g
129,79,f
129,79,e
129,79,j
130,96,b
130,96,f
130,96,e
130,146,f
130,146,h
130,146,b
130,169,a
130,169,b
130,169,f
130,190,a
130,190,i
130,190,f
131,49,h
131,49,c
131,95,h
131,95,b
131,113,e
131,113,c
131,166,b
131,166,f
131,190,a
131,190,f
132,7,h
132,7,e
132,7,c
132,48,f
132,48,j
132,48,g
132,77,h
132,77,j
132,77,f
132,146,i
132,146,h
132,146,g
132,234,g
132,234,i
132,234,h
133,57,c
134,22,g
134,61,a
134,93,f
134,121,a
134,139,b
135,6,h
135,6,c
135,6,i
135,9,a
135,9,d
135,9,i
135,9,c
135,9,f
135,9,h
135,9,d
135,9,b
135,9,h
136,78,f
136,78,j
137,64,c
137,64,g
137,64,d
137,64,e
137,107,b
137,107,i
137,107,h
137,107,e
137,143,g
137,143,c
137,143,i
137,143,b
137,146,j
137,146,a
137,146,c
137,146,e
137,235,c
137,235,j
137,235,f
137,235,a
138,17,b
138,17,h
139,20,j
139,20,b
139,20,g
139,73,b
139,73,e
139,73,a
140,42,g
140,42,j
140,109,c
140,109,h
140,167,h
140,167,j
140,199,j
140,199,h
141,96,b
141,96,c
141,96,f
141,96,j
141,176,e
141,176,d
141,176,i
141,176,b
142,25,a
143,32,g
143,32,h
143,32,a
143,68,c
143,68,j
143,68,g
143,160,e
143,160,b
143,160,h
143,221,e
143,221,d
143,221,j
143,311,i
143,311,g
143,311,d
144,7,c
144,7,j
144,100,h
144,100,g
144,150,e
144,150,d
144,180,i
144,180,b
144,257,a
144,257,g
145,29,i
145,29,f
145,29,h
145,29,j
145,37,a
145,37,h
145,37,c
145,37,d
145,78,c
145,78,e
145,78,b
145,78,i
145,147,e
145,147,i
145,147,h
145,147,a
146,87,b
146,87,j
146,87,f
146,133,j
146,133,c
146,133,a
146,138,f
146,138,i
146,138,a
147,64,g
147,118,d
147,141,j
147,146,j
147,243,c
148,5,b
148,5,f
148,5,j
149,29,d
149,42,g
150,35,d
150,41,i
150,108,g
150,208,c
150,262,h
151,73,g
151,73,j
151,73,h
152,76,c
152,76,a
152,108,j
152,108,e
152,164,g
152,164,e
152,263,a
152,263,g
153,38,i
153,99,e
153,186,d
153,245,f
154,71,f
154,71,g
154,71,b
154,71,i
154,158,h
154,158,j
154,158,i
154,158,b
155,78,c
155,78,g
155,78,h
155,78,e
155,118,a
155,118,g
155,118,j
155,118,d
155,176,f
155,176,g
155,176,c
155,176,b
155,243,h
155,243,b
155,243,j
155,243,a
156,38,a
156,38,f
156,38,g
157,0,c
157,0,f
157,0,e
157,0,g
157,72,i
157,72,d
157,72,j
157,72,f
157,102,j
157,102,d
157,102,h
157,102,g
157,136,a
157,136,g
157,136,h
157,136,f
157,219,j
157,219,a
157,219,c
157,219,d
158,79,d
158,79,c
159,78,e
159,78,a
159,78,j
159,124,b
159,124,h
159,124,c
159,142,c
159,142,h
159,142,i
159,151,i
159,151,d
159,151,b
160,23,a
160,23,f
160,23,h
160,23,c
160,52,d
160,52,c
160,52,a
160,52,f
161,13,b
161,77,c
161,121,g
162,70,c
162,70,b
162,139,h
162,139,g
162,225,e
162,225,b
163,0,f
163,0,c
164,86,d
164,86,j
164,86,f
164,97,g
164,97,a
164,97,f
164,151,c
164,151,i
164,151,b
164,235,c
164,235,g
164,235,d
164,316,b
164,316,i
164,316,j
165,84,i
165,84,f
165,100,d
165,100,h
166,13,g
166,13,a
166,13,j
166,13,b
166,108,f
166,108,g
166,108,d
166,108,a
166,125,g
166,125,h
166,125,a
166,125,b
166,179,a
166,179,d
166,179,g
166,179,f
167,34,d
167,34,i
167,73,g
167,73,h
168,98,h
168,98,i
168,98,g
168,98,j
168,186,a
168,186,e
168,186,g
168,186,j
168,244,c
168,244,d
168,244,f
168,244,b
168,338,d
168,338,i
168,338,g
168,338,c
169,58,i
169,69,c
169,97,a
170,4,c
170,4,g
170,4,d
170,4,j
170,33,a
170,33,j
170,33,g
170,33,i
170,124,f
170,124,e
170,124,a
170,124,h
170,166,f
170,166,e
170,166,h
170,166,i
170,198,c
170,198,g
170,198,h
170,198,e
171,97,g
171,105,j
172,3,j
172,3,i
173,85,b
173,85,d
173,85,a
173,85,i
173,183,e
173,183,b
173,183,a
173,183,j
173,185,c
173,185,g
173,185,a
173,185,d
173,212,a
173,212,j
173,212,e
173,212,b
174,31,d
174,31,c
174,110,b
174,110,j
174,135,f
174,135,b
174,217,j
174,217,d
174,230,c
174,230,d
175,36,d
175,36,j
175,75,i
175,75,e
175,159,b
175,159,h
175,223,j
175,223,f
176,54,i
176,54,c
176,54,j
176,83,h
176,83,b
176,83,j
176,101,g
176,101,d
176,101,h
176,148,d
176,148,b
176,148,f
176,191,d
176,191,j
176,191,e
177,0,a
177,0,h
177,0,i
177,0,d
177,26,b
177,26,g
177,26,j
177,26,i
177,29,d
177,29,b
177,29,e
177,29,i
178,98,d
178,98,j
178,98,b
179,0,h
179,0,a
180,89,b
180,119,b
181,10,h
181,10,b
181,44,f
181,44,g
182,28,h
182,28,b
182,90,a
182,90,h
182,95,d
182,95,i
182,147,i
182,147,g
182,181,e
182,181,g
183,88,a
183,88,e
183,156,g
183,156,j
184,90,a
184,116,e
185,63,g
185,63,i
185,141,g
185,141,e
186,80,a
186,80,d
187,67,a
187,67,e
187,119,i
187,119,d
187,173,h
187,173,i
187,257,c
187,257,e
188,15,a
188,15,f
188,107,j
188,107,e
188,187,j
188,187,c
188,195,c
188,195,j
188,238,d
188,238,j
189,46,a
189,144,g
190,76,f
190,76,c
191,33,h
191,33,e
192,42,g
192,42,j
192,42,h
192,42,e
192,95,f
192,95,d
192,95,b
192,95,i
193,43,e
193,43,c
193,43,h
193,108,f
193,108,i
193,108,j
193,179,g
193,179,b
193,179,i
194,41,j
194,41,b
195,57,i
195,57,h
195,57,f
195,57,g
195,152,c
195,152,e
195,152,a
195,152,g
195,251,e
195,251,j
195,251,g
195,251,a
195,284,a
195,284,d
195,284,c
195,284,f
196,24,c
196,24,a
196,24,b
196,55,c
196,55,e
196,55,d
196,106,b
196,106,d
196,106,h
196,124,h
196,124,e
196,124,j
196,152,h
196,152,e
196,152,d
197,3,j
197,3,g
197,3,a
197,3,b
197,15,d
197,15,b
197,15,i
197,15,e
197,82,d
197,82,b
197,82,e
197,82,i
197,144,c
197,144,h
197,144,a
197,144,g
198,29,e
198,29,h
198,29,c
198,29,f
198,111,i
198,111,j
198,111,d
198,111,g
199,27,j
199,27,d
199,27,b
199,28,i
199,28,d
199,28,a
199,36,g
199,36,c
199,36,j
199,111,c
199,111,j
199,111,a
199,198,a
199,198,g
199,198,c
200,85,d
200,85,f
200,113,a
200,113,b
201,12,d
201,12,g
201,12,j
201,102,c
201,102,i
201,102,b
201,148,f
201,148,e
201,148,c
201,205,b
201,205,a
201,205,i
202,71,g
202,71,e
202,88,g
202,88,i
202,172,e
202,172,f
203,67,j
203,114,g
204,97,d
204,97,f
204,97,g
204,97,j
204,138,j
204,138,g
204,138,c
204,138,i
204,217,a
204,217,g
204,217,b
204,217,i
204,276,a
204,276,g
204,276,j
204,276,c
205,38,b
205,38,c
205,64,f
205,64,a
205,164,a
205,164,i
205,257,f
205,257,a
205,324,c
205,324,i
206,88,i
206,88,g
206,126,a
206,126,c
207,44,j
207,44,a
208,29,b
208,29,d
208,29,h
208,29,j
209,3,j
209,3,h
209,64,c
209,64,j
210,62,g
210,62,b
210,62,f
210,68,j
210,68,c
210,68,f
210,150,e
210,150,j
210,150,b
210,158,a
210,158,e
210,158,j
210,178,b
210,178,e
210,178,h
211,97,e
211,97,f
211,97,c
211,97,j
211,169,e
211,169,d
211,169,b
211,169,f
212,1,i
212,1,a
212,1,c
212,1,j
212,46,e
212,46,c
212,46,a
212,46,g
212,62,g
212,62,f
212,62,e
212,62,h
212,66,c
212,66,b
212,66,g
212,66,i
212,99,a
212,99,c
212,99,d
212,99,h
213,31,j
213,31,c
213,31,d
213,31,i
214,36,d
214,36,e
214,36,j
214,36,a
214,42,g
214,42,h
214,42,i
214,42,a
215,86,a
215,86,f
215,86,g
215,88,h
215,88,b
215,88,a
215,176,c
215,176,h
215,176,f
215,274,e
215,274,c
215,274,i
215,345,e
215,345,f
215,345,i
216,36,g
216,36,f
216,36,i
216,36,h
216,44,i
216,44,j
216,44,e
216,44,b
216,121,a
216,121,j
216,121,g
216,121,d
216,162,h
216,162,f
216,162,g
216,162,a
216,233,j
216,233,d
216,233,b
216,233,g
217,74,j
217,74,g
217,115,g
217,115,e
217,122,d
217,122,i
217,216,a
217,216,f
218,37,g
218,65,j
218,69,h
219,24,b
219,24,g
219,24,e
219,24,f
219,58,b
219,58,d
219,58,a
219,58,h
220,79,j
220,153,f
220,206,h
220,284,g
221,93,i
221,93,a
221,93,c
222,81,e
222,81,g
222,81,a
222,81,d
222,131,i
222,131,d
222,131,f
222,131,j
222,141,c
222,141,j
222,141,h
222,141,e
222,197,h
222,197,j
222,197,e
222,197,i
223,37,d
223,37,g
223,129,j
223,129,a
224,47,f
224,47,e
224,47,d
225,37,c
225,37,f
225,37,i
225,37,h
225,40,a
225,40,b
225,40,j
225,40,c
226,2,c
227,71,b
227,81,d
227,133,d
228,20,g
228,20,d
228,20,c
228,20,h
229,50,i
229,50,g
229,50,h
229,64,h
229,64,c
229,64,d
230,81,a
230,81,i
230,118,c
230,118,a
230,150,i
230,150,j
231,80,d
231,80,g
231,80,h
231,80,b
231,123,g
231,123,e
231,123,c
231,123,i
232,49,f
232,68,f
232,118,b
232,138,e
232,194,d
233,35,g
233,35,i
233,118,e
233,118,h
233,199,g
233,199,e
233,235,e
233,235,j
234,78,g
234,78,f
234,78,b
234,78,e
235,15,c
235,15,b
235,15,j
235,107,c
235,107,g
235,107,h
235,180,g
235,180,f
235,180,b
235,258,g
235,258,d
235,258,i
235,301,d
235,301,f
235,301,h
236,67,a
236,107,e
236,175,f
237,36,f
237,90,c
237,109,i
237,136,i
238,38,d
238,38,j
238,44,i
238,44,f
238,86,j
238,86,h
238,109,e
238,109,g
239,93,i
239,93,h
239,93,d
239,189,j
239,189,e
239,189,f
240,57,e
240,57,d
240,57,g
241,27,h
241,116,f
241,175,j
241,272,i
241,274,d
242,27,b
242,27,i
242,27,c
243,98,h
243,172,j
244,46,e
244,46,j
244,71,h
244,71,d
244,94,i
244,94,d
245,81,h
245,81,e
245,115,f
245,115,d
246,9,g
246,9,h
246,9,c
246,9,a
247,63,e
247,63,d
247,63,b
247,63,i
247,93,h
247,93,j
247,93,f
247,93,g
248,23,e
248,23,g
248,23,b
248,23,h
248,81,d
248,81,g
248,81,f
248,81,i
249,55,c
249,55,a
249,55,d
249,135,g
249,135,h
249,135,f
249,230,j
249,230,i
249,230,f
249,273,d
249,273,b
249,273,h
249,311,b
249,311,i
249,311,j
250,47,g
251,21,f
251,21,j
251,21,d
251,59,j
251,59,f
251,59,h
251,87,f
251,87,j
251,87,b
252,42,e
252,136,h
253,10,a
253,10,j
253,10,b
253,93,f
253,93,h
253,93,j
253,157,f
253,157,g
253,157,d
254,72,e
254,72,d
254,72,a
254,72,c
254,141,f
254,141,d
254,141,i
254,141,e
254,142,g
254,142,e
254,142,a
254,142,d
255,85,a
255,122,g
255,185,b
256,73,b
256,73,c
256,73,g
256,152,i
256,152,e
256,152,b
256,172,c
256,172,a
256,172,b
257,32,a
257,32,e
258,33,f
259,14,a
259,14,h
259,32,e
259,32,g
259,94,g
259,94,f
259,99,h
259,99,a
260,12,h
260,68,g
260,69,a
260,79,a
261,60,b
261,60,d
261,60,i
261,139,b
261,139,a
261,139,i
261,213,i
261,213,e
261,213,j
261,284,j
261,284,b
261,284,i
261,313,c
261,313,h
261,313,g
262,79,d
262,113,e
262,203,c
262,225,a
263,58,h
263,74,a
264,76,g
264,76,i
264,103,f
264,103,e
264,113,c
264,113,e
264,125,h
264,125,e
264,134,h
264,134,b
265,68,g
265,68,b
265,68,j
265,147,e
265,147,a
265,147,d
265,240,d
265,240,c
265,240,f
265,286,a
265,286,f
265,286,c
265,302,a
265,302,g
265,302,j
266,35,g
266,87,j
266,132,f
266,171,g
266,224,b
267,9,a
267,78,h
267,99,f
268,99,b
268,99,d
269,100,c
269,100,i
269,164,h
269,164,i
269,179,d
269,179,h
269,252,b
269,252,f
270,56,b
270,58,d
271,9,e
271,9,b
271,9,c
271,9,a
271,31,e
271,31,h
271,31,a
271,31,i
271,52,a
271,52,h
271,52,e
271,52,b
271,94,i
271,94,c
271,94,e
271,94,a
271,122,b
271,122,d
271,122,a
271,122,g
272,34,h
272,34,e
272,34,g
272,34,d
272,44,a
272,44,d
272,44,i
272,44,g
272,139,b
272,139,i
272,139,j
272,139,c
272,179,g
272,179,h
272,179,f
272,179,j
273,60,a
273,60,e
273,60,d
273,66,b
273,66,j
273,66,d
274,6,c
274,6,i
274,19,e
274,19,a
274,92,a
274,92,h
275,87,c
275,87,e
275,87,f
275,87,h
275,134,c
275,134,f
275,134,i
275,134,g
276,35,d
276,131,d
276,132,b
277,34,c
277,34,d
277,34,e
277,34,f
277,34,i
277,34,c
277,73,g
277,73,h
277,73,j
277,124,g
277,124,b
277,124,h
278,74,i
278,153,e
279,67,a
279,152,h
280,58,e
280,58,c
280,58,g
280,107,c
280,107,j
280,107,a
280,137,e
280,137,i
280,137,j
280,199,e
280,199,i
280,199,f
281,43,g
281,43,j
281,43,e
281,102,d
281,102,b
281,102,h
281,119,f
281,119,j
281,119,a
281,162,h
281,162,j
281,162,i
281,213,h
281,213,i
281,213,e
282,90,a
282,90,g
282,90,b
282,183,a
282,183,c
282,183,f
283,23,c
283,23,i
283,23,f
283,23,h
283,89,c
283,89,f
283,89,a
283,89,j
284,9,j
284,42,f
285,7,h
285,7,b
285,7,j
285,7,e
285,85,b
285,85,e
285,85,f
285,85,d
285,141,e
285,141,a
285,141,j
285,141,c
285,153,f
285,153,h
285,153,b
285,153,j
286,71,b
286,71,a
286,103,j
286,103,b
286,108,g
286,108,h
287,52,a
287,101,h
287,190,d
288,6,d
289,78,e
289,78,g
289,78,j
289,87,h
289,87,i
289,87,f
289,88,b
289,88,h
289,88,j
289,187,d
289,187,b
289,187,a
290,60,j
290,60,e
290,60,i
290,60,d
291,76,j
291,76,d
291,76,a
291,76,h
291,104,g
291,104,h
291,104,a
291,104,d
291,176,i
291,176,d
291,176,b
291,176,a
292,26,f
292,106,c
292,161,d
292,168,h
293,80,a
293,137,g
293,183,e
293,271,j
293,307,d
294,41,i
294,41,g
294,41,d
294,53,i
294,53,j
294,53,f
295,4,c
295,4,b
295,4,a
295,27,b
295,27,e
295,27,a
296,72,b
296,72,f
296,72,d
296,72,j
296,108,h
296,108,j
296,108,i
296,108,g
297,6,i
297,6,j
297,9,h
297,9,f
297,25,e
297,25,b
298,42,e
298,42,d
298,126,a
298,126,e
298,222,c
298,222,d
299,54,b
299,54,a
299,54,j
299,86,h
299,86,d
299,86,e
299,177,a
299,177,j
299,177,h
300,56,b
300,56,g
300,56,a
300,56,f
300,102,e
300,102,h
300,102,b
300,102,g
300,198,a
300,198,d
300,198,c
300,198,f
300,208,f
300,208,b
300,208,g
300,208,c
300,247,f
300,247,j
300,247,i
300,247,h
301,95,j
302,84,f
302,84,i
302,84,g
302,168,h
302,168,d
302,168,e
303,57,g
303,74,h
303,97,e
303,143,f
304,88,a
304,88,e
304,88,d
304,102,c
304,102,b
304,102,a
304,163,d
304,163,i
304,163,e
304,200,a
304,200,h
304,200,i
305,49,d
305,49,b
305,49,a
305,104,b
305,104,g
305,104,a
305,118,f
305,118,c
305,118,j
305,162,c
305,162,a
305,162,d
306,68,h
307,34,b
307,34,a
307,34,e
307,124,g
307,124,h
307,124,b
307,171,h
307,171,g
307,171,d
307,219,f
307,219,d
307,219,j
307,273,c
307,273,h
307,273,j
308,51,c
308,51,f
308,51,e
308,51,h
308,151,e
308,151,h
308,151,a
308,151,g
308,242,i
308,242,d
308,242,e
308,242,j
308,259,i
308,259,g
308,259,j
308,259,b
309,67,e
309,67,b
309,67,g
310,50,h
310,136,a
310,214,b
311,61,i
311,61,g
311,61,j
311,61,b
311,109,e
311,109,a
311,109,c
311,109,i
312,100,e
312,100,a
312,100,b
312,100,h
312,125,a
312,125,e
312,125,f
312,125,g
312,138,i
312,138,a
312,138,f
312,138,d
312,235,g
312,235,d
312,235,c
312,235,a
313,44,j
313,44,c
313,44,b
313,80,d
313,80,h
313,80,f
313,95,i
313,95,f
313,95,d
314,89,e
314,89,b
314,89,d
314,166,a
314,166,c
314,166,b
314,208,b
314,208,c
314,208,f
315,85,d
315,85,h
315,174,e
315,174,i
316,55,a
316,55,e
316,55,j
316,147,h
316,147,e
316,147,j
317,76,a
317,76,c
317,76,h
317,76,g
317,149,g
317,149,f
317,149,c
317,149,b
317,238,c
317,238,j
317,238,f
317,238,d
317,331,j
317,331,d
317,331,i
317,331,a
318,52,b
318,52,e
318,52,g
318,52,c
318,102,f
318,102,b
318,102,d
318,102,j
318,113,f
318,113,c
318,113,b
318,113,d
318,210,d
318,210,a
318,210,c
318,210,e
319,1,i
319,1,d
319,1,f
319,1,g
319,54,d
319,54,a
319,54,i
319,54,f
319,146,g
319,146,h
319,146,d
319,146,e
319,244,b
319,244,e
319,244,j
319,244,g
320,6,g
320,6,c
320,57,g
320,57,b
320,70,g
320,70,i
321,37,c
321,72,j
321,108,e
322,76,g
322,98,j
322,147,i
323,36,g
323,117,d
323,210,j
323,278,f
323,371,a
324,5,f
324,5,c
324,5,j
325,65,g
325,65,j
326,4,c
326,60,g
326,153,d
326,157,a
327,82,h
327,82,c
327,82,a
327,106,d
327,106,a
327,106,i
327,198,g
327,198,j
327,198,a
328,22,j
328,22,f
328,22,i
328,22,d
328,35,j
328,35,a
328,35,e
328,35,f
329,94,a
329,94,g
329,94,j
329,94,e
329,126,g
329,126,c
329,126,h
329,126,d
329,155,e
329,155,h
329,155,g
329,155,d
329,159,d
329,159,e
329,159,b
329,159,j
329,222,j
329,222,f
329,222,c
329,222,h
330,92,i
330,92,e
330,92,g
330,153,g
330,153,a
330,153,b
330,217,b
330,217,e
330,217,a
331,84,b
331,84,d
331,110,h
331,110,e
331,155,i
331,155,b
331,183,d
331,183,b
331,217,c
331,217,g
332,90,h
332,90,d
332,90,c
332,90,f
333,87,h
333,87,j
333,87,i
333,87,e
333,147,a
333,147,f
333,147,j
333,147,h
333,163,j
333,163,e
333,163,c
333,163,h
333,170,i
333,170,j
333,170,b
333,170,h
334,44,e
334,44,c
334,44,b
334,44,f
334,140,g
334,140,d
334,140,j
334,140,f
334,218,h
334,218,b
334,218,f
334,218,d
334,311,b
334,311,e
334,311,c
334,311,d
335,95,c
335,95,h
335,156,d
335,156,a
335,195,a
335,195,d
335,290,a
335,290,e
336,41,j
337,72,g
337,72,f
337,72,b
337,149,e
337,149,c
337,149,i
337,203,j
337,203,i
337,203,e
337,293,i
337,293,g
337,293,a
337,382,g
337,382,h
337,382,i
338,37,h
338,100,a
338,177,g
338,245,g
339,26,b
339,104,i
339,158,a
339,196,f
339,266,g
340,92,a
340,182,i
341,94,b
341,94,h
342,35,j
342,35,c
342,35,d
342,126,h
342,126,c
342,126,e
342,162,e
342,162,g
342,162,j
343,47,b
343,47,d
343,47,f
343,55,b
343,55,a
343,55,g
343,102,h
343,102,a
343,102,f
343,116,e
343,116,d
343,116,c
343,126,e
343,126,g
343,126,f
344,82,c
344,82,e
344,82,f
345,18,g
345,18,a
345,18,h
346,82,g
346,82,c
346,82,f
346,82,e
346,113,j
346,113,h
346,113,i
346,113,e
346,209,e
346,209,g
346,209,h
346,209,d
346,278,h
346,278,b
346,278,g
346,278,j
347,7,i
347,41,h
347,133,b
348,52,h
348,52,a
348,52,g
348,52,e
348,115,b
348,115,f
348,115,a
348,115,j
348,198,a
348,198,g
348,198,i
348,198,b
348,206,b
348,206,h
348,206,i
348,206,a
348,288,i
348,288,f
348,288,a
348,288,c
349,36,j
349,36,f
350,0,d
350,0,j
350,0,g
350,0,i
350,79,g
350,79,e
350,79,j
350,79,f
351,88,c
351,93,j
351,128,c
351,144,i
351,150,c
352,82,g
352,82,c
352,171,f
352,171,c
352,207,e
352,207,h
352,265,e
352,265,a
353,40,a
353,40,e
353,42,a
353,42,j
353,51,d
353,51,a
354,96,d
354,96,e
354,96,g
354,96,h
355,83,h
355,165,g
356,86,a
356,86,d
356,86,c
356,86,f
356,99,a
356,99,b
356,99,e
356,99,d
356,134,i
356,134,d
356,134,f
356,134,j
357,90,i
357,94,g
357,110,i
358,47,d
358,106,j
359,39,d
359,39,b
359,39,g
359,39,i
359,67,j
359,67,c
359,67,i
359,67,b
359,116,i
359,116,j
359,116,f
359,116,h
359,216,b
359,216,f
359,216,d
359,216,e
359,307,f
359,307,h
359,307,e
359,307,g
360,9,i
360,9,d
361,71,i
361,129,a
362,13,g
362,13,a
363,49,d
363,109,f
363,121,b
363,177,e
364,92,g
364,92,c
364,92,b
364,92,a
364,107,b
364,107,j
364,107,c
364,107,h
365,71,c
365,151,i
365,243,e
366,6,a
367,49,b
367,49,c
367,49,i
367,120,d
367,120,g
367,120,e
367,120,c
367,120,a
367,120,j
367,166,c
367,166,e
367,166,f
368,12,f
368,12,c
368,88,i
368,88,e
368,159,i
368,159,e
368,257,e
368,257,i
369,40,j
369,57,d
370,10,j
370,10,e
370,10,c
371,34,i
371,34,b
371,34,d
371,78,f
371,78,a
371,78,e
372,73,f
372,73,i
372,80,a
372,80,h
372,179,d
372,179,g
372,214,c
372,214,i
372,303,d
372,303,e
373,46,a
373,46,c
373,46,j
373,46,h
373,99,f
373,99,i
373,99,b
373,99,a
374,5,i
374,5,a
374,5,b
374,5,e
374,23,c
374,23,d
374,23,g
374,23,j
374,91,h
374,91,e
374,91,c
374,91,a
374,96,g
374,96,h
374,96,i
374,96,b
374,108,e
374,108,h
374,108,d
374,108,f
375,25,j
375,25,b
375,25,a
375,25,f
375,91,g
375,91,h
375,91,j
375,91,a
375,113,h
375,113,g
375,113,e
375,113,a
375,172,c
375,172,i
375,172,a
375,172,h
376,11,j
376,11,g
376,11,e
376,26,f
376,26,g
376,26,j
376,64,d
376,64,f
376,64,e
377,35,d
377,35,i
377,35,e
377,35,g
377,107,h
377,107,b
377,107,e
377,107,c
377,110,g
377,110,b
377,110,j
377,110,c
377,163,c
377,163,f
377,163,h
377,163,g
378,78,i
378,111,h
378,177,e
379,20,j
379,20,d
379,112,h
379,112,c
379,138,e
379,138,c
379,158,e
379,158,c
380,64,c
380,64,f
380,138,g
380,138,a
380,211,g
380,211,e
380,211,h
380,211,i
381,100,e
381,100,c
382,89,d
382,89,f
382,89,h
382,109,i
382,109,b
382,109,e
383,8,c
383,8,i
383,101,h
383,101,g
383,200,d
383,200,g
383,208,g
383,208,e
384,58,b
384,58,d
384,58,g
385,12,h
386,79,i
386,79,b
386,79,d
387,38,h
388,97,a
388,97,c
388,97,h
388,97,j
388,126,c
388,126,i
388,126,b
388,126,g
388,187,a
388,187,i
388,187,g
388,187,d
389,29,a
389,29,h
389,29,c
389,29,f
389,30,c
389,30,d
389,30,j
389,30,e
390,82,c
390,82,g
390,82,a
390,82,b
390,163,c
390,163,e
390,163,a
390,163,i
390,203,e
390,203,b
390,203,i
390,203,a
390,226,b
390,226,f
390,226,d
390,226,j
390,325,h
390,325,b
390,325,i
390,325,e
391,91,h
391,91,a
391,114,e
391,114,g
391,163,i
391,163,j
391,213,i
391,213,h
392,23,f
392,23,g
392,23,h
392,23,j
393,75,e
394,81,h
394,140,b
395,45,c
395,45,a
395,45,e
396,100,f
396,100,a
396,140,f
396,140,e
396,156,g
396,156,c
396,157,g
396,157,d
397,75,b
397,75,h
397,175,d
397,175,b
397,200,b
397,200,e
397,222,i
397,222,d
398,41,b
398,41,e
398,80,d
398,80,e
398,104,g
398,104,e
398,201,a
398,201,b
399,80,a
399,80,d
399,80,g
399,125,j
399,125,i
399,125,e
400,57,d
400,57,g
400,57,e
400,150,h
400,150,d
400,150,g
400,165,f
400,165,h
400,165,a
401,52,g
401,52,f
401,130,g
401,130,d
402,95,d
402,95,a
402,95,b
402,138,g
402,138,a
402,138,d
402,172,a
402,172,d
402,172,j
402,243,c
402,243,h
402,243,f
403,82,a
404,44,d
404,44,e
404,44,h
404,44,j
404,128,h
404,128,a
404,128,j
404,128,b
405,85,i
405,85,f
405,85,a
405,139,c
405,139,i
405,139,e
405,206,c
405,206,d
405,206,b
405,264,b
405,264,c
405,264,j
406,41,h
407,24,i
407,24,j
407,24,d
407,59,b
407,59,j
407,59,d
407,148,a
407,148,f
407,148,c
407,211,g
407,211,d
407,211,b
407,262,c
407,262,b
407,262,e
408,2,d
408,2,h
408,2,e
408,2,b
408,92,b
408,92,g
408,92,e
408,92,i
408,135,f
408,135,b
408,135,j
408,135,d
408,189,a
408,189,d
408,189,g
408,189,e
409,13,c
409,13,d
409,49,b
409,49,f
409,132,i
409,132,e
409,216,b
409,216,i
409,221,i
409,221,b
410,75,a
410,75,b
410,75,e
410,75,c
410,101,c
410,101,e
410,101,i
410,101,j
411,31,e
411,31,g
411,34,b
411,34,d
412,86,d
412,86,a
412,86,f
412,86,e
412,163,g
412,163,j
412,163,d
412,163,i
412,189,g
412,189,j
412,189,b
412,189,h
412,227,a
412,227,d
412,227,f
412,227,g
413,23,i
413,23,g
413,23,h
413,87,h
413,87,c
413,87,j
413,98,e
413,98,h
413,98,g
413,161,g
413,161,d
413,161,e
414,32,h
415,68,b
415,68,e
415,68,g
415,107,g
415,107,i
415,107,j
416,54,f
417,84,i
417,84,j
417,84,e
417,84,d
417,177,e
417,177,c
417,177,f
417,177,b
417,206,f
417,206,g
417,206,j
417,206,c
417,247,j
417,247,i
417,247,h
417,247,a
418,78,g
418,78,i
418,162,i
418,162,d
418,246,j
418,246,a
418,273,d
418,273,c
419,63,f
419,63,j
419,63,h
419,63,g
419,127,b
419,127,g
419,127,f
419,127,i
419,144,f
419,144,e
419,144,i
419,144,d
420,29,h
420,29,j
420,29,i
420,29,a
420,54,h
420,54,b
420,54,c
420,54,a
421,80,c
421,80,a
421,103,e
421,103,h
421,135,b
421,135,d
421,189,f
421,189,i
422,31,b
422,31,f
422,31,h
422,31,j
422,51,f
422,51,g
422,51,j
422,51,h
422,106,i
422,106,a
422,106,b
422,106,d
422,147,a
422,147,e
422,147,d
422,147,i
423,63,c
423,63,d
423,63,g
424,83,f
424,83,a
424,83,h
424,83,g
424,146,j
424,146,b
424,146,d
424,146,e
425,5,g
425,5,e
425,5,a
426,46,g
426,46,b
426,46,j
426,120,g
426,120,b
426,120,h
427,93,b
427,93,a
427,93,f
427,93,e
427,137,e
427,137,h
427,137,b
427,137,f
427,227,f
427,227,b
427,227,j
427,227,a
427,275,c
427,275,h
427,275,j
427,275,d
427,366,j
427,366,c
427,366,b
427,366,d
428,49,a
428,49,e
428,70,i
428,70,a
429,86,c
429,86,a
429,86,j
429,86,e
429,93,f
429,93,e
429,93,b
429,93,c
430,38,f
430,72,a
430,128,c
430,131,i
430,132,j
431,10,e
431,10,j
431,10,b
432,47,c
432,47,b
432,47,d
432,70,c
432,70,f
432,70,g
432,71,c
432,71,f
432,71,j
432,126,j
432,126,a
432,126,f
432,168,h
432,168,e
432,168,b
433,32,c
433,117,d
433,126,h
433,163,c
433,188,f
434,53,g
434,53,h
434,103,e
434,103,g
434,108,f
434,108,g
435,40,h
436,50,c
436,66,b
436,82,i
437,79,c
438,65,g
438,65,d
438,65,i
438,65,b
439,44,h
439,44,a
439,44,f
439,70,h
439,70,c
439,70,b
439,163,a
439,163,f
439,163,c
440,80,b
440,80,j
440,80,h
440,163,j
440,163,i
440,163,e
440,224,d
440,224,i
440,224,b
440,254,c
440,254,i
440,254,j
441,29,j
441,29,c
441,29,f
441,88,i
441,88,f
441,88,a
442,43,j
442,93,d
442,148,h
442,159,h
442,245,f
443,98,h
443,120,f
443,157,e
443,166,d
443,220,e
444,61,h
444,61,b
444,61,f
444,61,g
444,153,a
444,153,f
444,153,c
444,153,b
444,218,h
444,218,f
444,218,e
444,218,i
444,231,j
444,231,c
444,231,b
444,231,g
444,322,g
444,322,j
444,322,e
444,322,b
445,53,b
445,53,h
445,53,i
445,53,b
445,139,d
445,139,b
446,28,i
446,28,g
446,28,a
446,28,b
446,62,d
446,62,j
446,62,e
446,62,a
446,149,a
446,149,i
446,149,e
446,149,h
447,35,d
447,35,f
447,35,i
447,107,b
447,107,i
447,107,a
447,170,b
447,170,f
447,170,c
447,234,f
447,234,h
447,234,g
447,312,d
447,312,h
447,312,i
448,25,h
448,25,b
448,74,e
448,74,d
448,132,d
448,132,i
448,170,d
448,170,e
449,68,i
449,68,a
449,68,e
449,68,g
449,94,j
449,94,h
449,94,a
449,94,e
449,146,j
449,146,f
449,146,c
449,146,h
449,232,g
449,232,i
449,232,a
449,232,b
449,251,h
449,251,j
449,251,c
449,251,g
450,30,j
450,65,e
451,48,j
451,48,a
451,85,d
451,85,b
451,152,j
451,152,c
452,23,d
452,23,b
452,23,e
452,23,j
452,123,h
452,123,d
452,123,a
452,123,f
453,59,b
453,59,d
453,59,j
453,150,h
453,150,d
453,150,a
453,191,a
453,191,e
453,191,g
454,80,d
454,80,a
454,80,c
454,127,i
454,127,h
454,127,j
454,143,c
454,143,i
454,143,f
454,242,a
454,242,f
454,242,h
455,49,j
455,49,f
455,49,d
455,49,h
456,20,a
456,20,e
456,20,j
456,20,c
456,97,b
456,97,d
456,97,a
456,97,j
457,54,h
457,54,d
458,3,a
458,3,j
458,3,g
459,43,b
459,43,f
459,43,c
460,99,g
460,99,a
460,99,h
460,99,c
460,109,c
460,109,j
460,109,d
460,109,e
460,180,g
460,180,e
460,180,c
460,180,j
460,207,g
460,207,d
460,207,c
460,207,a
461,51,i
461,51,j
461,51,c
461,51,h
461,101,j
461,101,i
461,101,h
461,101,a
461,168,g
461,168,h
461,168,b
461,168,i
462,95,e
462,95,a
462,95,g
462,120,c
462,120,a
462,120,d
463,29,e
463,29,a
463,29,g
463,29,h
463,59,j
463,59,c
463,159,i
463,159,c
464,88,f
464,88,i
464,88,h
464,184,f
464,184,j
464,184,g
464,276,d
464,276,a
464,276,i
464,280,d
464,280,i
464,280,g
464,315,d
464,315,g
464,315,e
465,19,g
465,37,i
465,56,i
466,81,j
466,81,a
466,81,g
466,81,i
466,147,e
466,147,d
466,147,i
466,147,a
466,172,b
466,172,a
466,172,f
466,172,d
467,85,i
467,85,d
467,85,c
467,93,b
467,93,c
467,93,e
467,112,j
467,112,g
467,112,i
467,154,a
467,154,i
467,154,f
468,16,a
468,16,e
469,92,i
470,14,a
470,14,i
470,14,j
470,14,f
470,15,f
470,15,i
470,15,c
470,15,b
471,28,f
472,48,c
472,48,j
472,48,e
472,48,a
472,65,g
472,65,f
472,65,j
472,65,b
472,93,i
472,93,c
472,93,b
472,93,a
473,42,d
473,53,h
473,65,f
473,111,a
473,152,j
474,90,i
474,90,f
474,90,j
474,91,a
474,91,d
474,91,i
474,96,d
474,96,i
474,96,j
474,191,f
474,191,b
474,191,i
474,264,e
474,264,i
474,264,a
475,36,c
475,36,f
476,49,a
476,49,b
476,49,e
476,49,f
476,87,e
476,87,g
476,87,f
476,87,j
476,117,e
476,117,f
476,117,h
476,117,c
477,97,c
477,97,f
477,97,g
477,119,f
477,119,b
477,119,c
477,155,e
477,155,j
477,155,a
478,37,g
478,50,h
478,119,i
479,78,f
480,70,b
480,70,h
481,74,d
481,74,f
481,74,a
481,74,b
481,81,f
481,81,d
481,81,a
481,81,g
482,69,b
482,69,f
482,69,c
483,34,g
483,34,h
483,34,f
483,117,h
483,117,j
483,117,i
483,187,h
483,187,f
483,187,c
484,52,f
484,52,b
484,52,e
484,120,b
484,120,d
484,120,g
484,200,i
484,200,j
484,200,a
485,90,h
485,90,c
485,90,f
485,90,e
485,142,g
485,142,f
485,142,a
485,142,b
486,38,j
486,38,f
486,38,g
486,38,e
487,73,e
487,73,g
487,86,d
487,86,a
487,162,b
487,162,f
487,208,g
487,208,b
487,284,e
487,284,a
488,38,b
488,38,g
488,115,d
488,115,h
488,159,c
488,159,j
488,161,h
488,161,f
489,52,a
489,52,g
489,52,d
489,52,b
489,113,d
489,113,c
489,113,f
489,113,i
489,185,c
489,185,f
489,185,g
489,185,d
489,274,e
489,274,a
489,274,j
489,274,i
490,25,b
490,25,e
490,25,f
490,25,h
490,71,j
490,71,g
490,71,f
490,71,h
490,130,g
490,130,b
490,130,a
490,130,h
490,133,b
490,133,e
490,133,h
490,133,j
491,74,h
491,152,c
491,160,a
491,240,j
492,65,a
492,159,i
492,174,c
493,9,b
493,9,h
493,78,g
493,78,a
493,90,c
493,90,j
493,177,b
493,177,c
494,5,f
494,5,g
494,5,d
494,5,j
494,15,f
494,15,j
494,15,e
494,15,i
495,81,e
495,81,d
495,123,h
495,123,d
495,156,a
495,156,f
495,163,i
495,163,d
495,239,c
495,239,a
496,22,d
496,22,g
496,22,a
496,22,e
496,56,h
496,56,g
496,56,a
496,56,c
496,90,j
496,90,g
496,90,a
496,90,h
497,83,d
497,83,f
497,132,e
497,132,f
497,141,g
497,141,h
498,42,h
498,85,b
498,108,d
499,77,h
499,77,b
499,108,i
499,108,a
499,188,j
499,188,b
499,215,b
499,215,h
500,55,i
500,55,e
500,55,f
500,55,j
500,114,g
500,114,d
500,114,e
500,114,b
500,114,e
500,114,b
500,114,c
500,114,h
501,20,c
501,70,g
501,156,h
501,251,i
502,23,i
502,23,h
502,23,a
502,23,f
502,122,h
502,122,g
502,122,e
502,122,d
503,28,g
503,120,d
503,196,b
503,264,f
503,282,i
504,9,c
504,9,f
504,9,i
504,29,j
504,29,c
504,29,f
505,36,j
505,36,f
505,36,b
506,18,e
506,18,b
506,18,c
507,81,f
507,81,b
507,81,g
507,81,e
507,105,a
507,105,d
507,105,b
507,105,f
508,94,b
508,94,c
508,94,d
508,94,i
508,140,i
508,140,c
508,140,d
508,140,j
508,221,j
508,221,e
508,221,i
508,221,c
508,264,a
508,264,f
508,264,e
508,264,d
509,17,a
509,17,g
509,17,j
509,63,i
509,63,g
509,63,h
510,52,j
510,52,h
511,16,g
511,16,i
511,16,c
511,47,i
511,47,f
511,47,c
511,123,h
511,123,a
511,123,d
512,60,i
512,60,c
512,60,h
513,22,d
513,22,g
513,24,g
513,24,a
513,39,e
513,39,g
513,76,g
513,76,c
514,27,a
514,76,a
514,79,b
514,101,f
514,149,d
515,84,h
515,84,c
515,114,j
515,114,h
515,188,b
515,188,g
515,221,i
515,221,a
516,80,c
516,80,e
516,80,g
516,80,b
516,164,f
516,164,g
516,164,e
516,164,h
516,178,a
516,178,d
516,178,b
516,178,e
516,269,g
516,269,d
516,269,i
516,269,j
516,347,f
516,347,j
516,347,c
516,347,e
517,9,i
517,9,a
518,78,i
518,78,b
518,78,g
518,78,e
518,99,g
518,99,h
518,99,b
518,99,a
518,127,e
518,127,g
518,127,h
518,127,c
518,192,e
518,192,a
518,192,b
518,192,j
519,35,g
519,131,b
520,81,g
520,81,a
520,81,c
520,178,d
520,178,h
520,178,a
521,69,i
521,69,e
521,69,a
521,69,j
521,79,g
521,79,j
521,79,a
521,79,h
522,26,b
522,26,j
522,67,d
522,67,a
522,99,h
522,99,i
522,109,d
522,109,b
522,155,f
522,155,b
523,65,j
524,70,b
524,70,a
524,94,c
524,94,d
524,157,c
524,157,d
525,57,g
525,119,d
526,91,e
526,91,d
526,91,g
526,91,a
527,81,h
527,81,c
528,13,c
528,13,e
528,72,e
528,72,i
529,70,d
529,70,f
529,70,h
529,76,e
529,76,a
529,76,j
529,143,d
529,143,e
529,143,g
529,204,a
529,204,d
529,204,h
530,32,b
530,32,c
530,32,i
531,27,e
531,27,g
531,43,d
531,43,b
531,139,j
531,139,d
532,74,a
532,74,d
532,74,f
532,74,j
532,97,c
532,97,i
532,97,e
532,97,h
532,184,g
532,184,h
532,184,a
532,184,i
533,92,g
533,92,j
533,92,e
533,92,f
534,29,e
534,29,c
534,29,a
534,65,e
534,65,a
534,65,i
535,23,d
535,41,i
536,96,i
536,96,g
536,96,b
536,98,f
536,98,h
536,98,j
536,153,h
536,153,d
536,153,i
537,67,d
537,67,g
537,93,e
537,93,f
537,142,a
537,142,b
538,45,g
538,112,e
538,113,i
539,63,e
539,63,g
539,63,h
539,68,g
539,68,j
539,68,f
539,132,b
539,132,h
539,132,j
540,43,a
540,43,i
540,43,h
540,106,e
540,106,h
540,106,d
540,166,f
540,166,e
540,166,g
541,26,i
541,26,h
541,26,c
541,116,j
541,116,c
541,116,d
541,164,b
541,164,h
541,164,f
542,8,g
542,8,e
542,105,b
542,105,j
542,196,c
542,196,f
542,287,c
542,287,f
542,373,g
542,373,c
543,76,a
543,91,h
543,100,g
543,107,h
543,137,i
544,1,i
544,1,e
544,1,f
544,1,d
544,80,j
544,80,g
544,80,h
544,80,e
544,126,e
544,126,h
544,126,a
544,126,f
544,225,j
544,225,b
544,225,c
544,225,e
545,83,e
545,83,j
546,83,b
546,172,e
547,0,h
547,0,i
548,70,j
548,70,b
548,158,i
548,158,e
548,199,j
548,199,g
548,222,b
548,222,e
549,33,j
549,33,a
549,33,g
549,33,b
549,115,h
549,115,g
549,115,c
549,115,e
549,141,h
549,141,i
549,141,g
549,141,f
549,199,e
549,199,a
549,199,f
549,199,i
549,227,c
549,227,h
549,227,f
549,227,a
550,45,a
550,85,f
551,60,e
551,78,d
551,174,f
551,240,i
551,303,j
552,94,f
552,94,b
552,94,i
552,94,a
552,148,i
552,148,a
552,148,c
552,148,b
552,191,h
552,191,g
552,191,b
552,191,d
552,199,d
552,199,c
552,199,j
552,199,e
553,76,j
553,76,i
553,76,c
553,85,c
553,85,b
553,85,j
553,115,d
553,115,c
553,115,g
553,123,d
553,123,c
553,123,b
553,154,c
553,154,a
553,154,d
554,51,a
554,51,c
554,51,e
554,51,b
555,98,g
555,98,h
555,98,b
555,105,d
555,105,h
555,105,g
556,14,g
556,14,a
556,106,g
556,106,b
556,196,h
556,196,f
556,238,d
556,238,b
557,67,c
557,67,d
557,91,c
557,91,f
557,105,e
557,105,b
557,151,d
557,151,b
557,221,j
557,221,d
558,1,f
559,27,d
559,87,c
559,114,f
560,41,f
560,41,i
560,41,e
560,41,d
560,77,e
560,77,j
560,77,b
560,77,d
560,136,f
560,136,a
560,136,b
560,136,h
560,146,j
560,146,f
560,146,a
560,146,e
561,57,i
561,57,b
561,57,c
561,57,e
561,88,h
561,88,j
561,88,c
561,88,e
561,155,j
561,155,d
561,155,f
561,155,a
562,11,h
562,95,a
563,81,b
563,81,a
563,81,f
563,141,h
563,141,i
563,141,d
563,217,e
563,217,b
563,217,h
563,236,j
563,236,b
563,236,a
564,39,c
565,6,j
565,6,a
565,6,b
565,6,e
565,87,e
565,87,d
565,87,h
565,87,g
565,119,a
565,119,i
565,119,g
565,119,b
565,181,c
565,181,g
565,181,h
565,181,d
566,19,b
566,19,i
566,19,h
566,19,d
566,89,g
566,89,d
566,89,h
566,89,a
567,39,h
567,39,f
567,39,i
567,39,d
567,39,e
567,39,j
567,39,a
567,39,h
567,134,j
567,134,b
567,134,e
567,134,i
568,2,f
568,20,e
568,45,e
568,131,f
568,173,e
569,57,i
569,57,d
569,57,j
569,57,a
570,73,e
570,89,c
570,166,i
571,65,i
571,65,j
572,69,g
572,69,d
572,163,a
572,163,e
573,4,b
573,4,i
573,95,a
573,95,f
573,195,g
573,195,f
573,225,a
573,225,j
573,286,a
573,286,e
574,1,b
574,1,j
574,1,a
574,1,e
575,3,f
575,3,c
575,40,f
575,40,i
575,90,f
575,90,a
575,189,d
575,189,g
576,3,j
576,82,d
576,145,i
576,188,e
577,49,c
577,49,e
577,88,i
577,88,g
578,96,b
578,96,g
578,96,j
578,120,g
578,120,f
578,120,a
579,97,f
579,97,a
579,161,a
579,161,c
580,54,i
580,54,j
580,54,g
580,90,g
580,90,c
580,90,i
580,149,a
580,149,c
580,149,g
580,232,h
580,232,b
580,232,j
581,29,h
581,29,g
581,29,a
581,29,b
581,101,c
581,101,i
581,101,e
581,101,f
581,187,g
581,187,a
581,187,f
581,187,i
581,206,b
581,206,a
581,206,g
581,206,i
582,0,h
582,31,b
582,72,h
583,59,a
583,121,d
583,190,f
583,281,a
584,66,i
584,66,b
584,66,e
584,66,a
585,63,i
585,63,f
585,63,j
586,28,j
586,28,e
586,99,h
586,99,b
586,187,c
586,187,f
587,17,g
587,17,d
587,60,d
587,60,f
587,91,f
587,91,d
587,155,c
587,155,a
588,42,e
588,42,h
588,42,b
588,42,g
588,69,a
588,69,h
588,69,f
588,69,b
589,42,h
589,42,j
589,42,i
589,56,e
589,56,b
589,56,d
589,64,a
589,64,d
589,64,e
589,105,h
589,105,i
589,105,d
589,155,a
589,155,d
589,155,i
590,57,e
590,64,f
590,122,j
591,32,a
591,32,b
591,32,g
591,110,i
591,110,g
591,110,e
591,140,b
591,140,d
591,140,i
591,178,i
591,178,b
591,178,j
592,17,c
592,17,b
592,17,g
592,17,e
592,98,b
592,98,d
592,98,a
592,98,i
593,29,d
593,29,b
593,93,i
593,93,e
593,110,i
593,110,g
593,188,j
593,188,a
593,196,i
593,196,e
594,48,h
594,48,j
594,48,f
594,109,h
594,109,g
594,109,j
594,133,h
594,133,j
594,133,d
594,222,e
594,222,d
594,222,j
594,275,c
594,275,e
594,275,b
595,19,c
595,68,f
595,89,i
595,135,c
596,84,b
596,108,h
596,202,c
596,241,e
597,9,a
597,90,c
597,166,g
597,212,g
598,79,c
598,138,g
598,148,g
598,239,h
599,47,e
599,47,c
599,48,c
599,48,d
599,50,j
599,50,g
599,128,j
599,128,f
600,12,f
600,12,b
600,12,h
600,12,e
600,16,b
600,16,a
600,16,g
600,16,i
600,31,b
600,31,i
600,31,e
600,31,j
600,111,i
600,111,b
600,111,j
600,111,d
600,210,d
600,210,i
600,210,b
600,210,e
601,22,c
601,22,a
601,22,b
601,22,d
601,102,g
601,102,a
601,102,e
601,102,j
601,133,h
601,133,d
601,133,b
601,133,g
601,195,c
601,195,j
601,195,g
601,195,i
601,280,j
601,280,f
601,280,g
601,280,d
602,36,b
602,36,c
603,64,e
603,64,b
603,64,c
603,64,i
604,30,i
604,30,c
604,30,g
604,96,e
604,96,j
604,96,a
604,129,e
604,129,b
604,129,i
604,147,f
604,147,i
604,147,b
604,186,j
604,186,h
604,186,a
605,78,d
605,131,e
605,214,i
605,269,b
605,331,g
606,80,j
607,2,i
607,2,j
607,45,c
607,45,b
608,33,e
608,33,b
608,33,h
608,33,i
608,65,d
608,65,c
608,65,g
608,65,h
608,113,g
608,113,a
608,113,e
608,113,h
608,151,b
608,151,g
608,151,f
608,151,c
608,166,a
608,166,j
608,166,d
608,166,f
609,41,c
609,41,g
609,41,f
609,86,a
609,86,i
609,86,b
610,95,f
610,95,i
610,168,h
610,168,c
610,223,i
610,223,g
610,322,i
610,322,j
610,375,b
610,375,d
611,93,c
611,93,b
611,93,e
611,93,a
611,180,h
611,180,i
611,180,j
611,180,e
611,270,b
611,270,c
611,270,i
611,270,a
611,270,f
611,270,a
611,270,j
611,270,g
612,14,i
612,14,f
612,109,d
612,109,f
612,118,b
612,118,h
612,172,e
612,172,f
613,67,h
613,67,i
613,116,a
613,116,g
613,215,j
613,215,g
613,270,a
613,270,h
613,355,f
613,355,j
614,40,a
614,40,j
614,40,h
614,115,e
614,115,a
614,115,h
614,178,g
614,178,b
614,178,d
614,202,g
614,202,i
614,202,b
614,287,c
614,287,g
614,287,j
615,24,i
615,95,g
615,133,c
615,141,a
616,83,e
616,83,h
616,131,j
616,131,a
616,137,c
616,137,b
616,144,c
616,144,j
616,148,d
616,148,b
617,67,e
617,67,j
617,67,f
617,98,f
617,98,e
617,98,d
618,11,c
618,11,g
618,11,f
618,11,h
618,87,f
618,87,d
618,87,i
618,87,c
618,121,a
618,121,i
618,121,c
618,121,b
619,18,g
619,76,f
619,135,i
619,171,e
620,14,g
620,23,e
620,61,f
620,150,j
621,16,h
621,16,f
621,16,b
621,73,d
621,73,e
621,73,b
621,154,g
621,154,h
621,154,c
622,25,j
622,25,b
622,102,a
622,102,g
622,118,b
622,118,a
623,90,f
624,1,a
624,31,a
624,47,i
624,53,i
624,59,e
625,34,c
625,34,a
625,67,a
625,67,h
625,100,b
625,100,d
626,4,h
626,4,e
626,4,a
627,7,f
628,33,a
628,33,b
629,17,i
629,17,d
629,17,h
629,24,b
629,24,h
629,24,c
629,47,i
629,47,g
629,47,a
629,120,a
629,120,j
629,120,d
630,94,i
630,94,a
631,28,b
631,28,d
631,28,i
631,28,f
631,115,h
631,115,e
631,115,b
631,115,j
631,120,g
631,120,c
631,120,e
631,120,b
631,132,j
631,132,i
631,132,d
631,132,g
632,7,g
632,7,h
633,71,i
633,71,b
633,71,h
634,65,h
634,65,j
634,65,a
634,90,d
634,90,a
634,90,i
634,92,a
634,92,f
634,92,c
634,109,e
634,109,j
634,109,b
635,75,e
635,75,d
635,75,a
635,152,d
635,152,c
635,152,i
635,221,f
635,221,d
635,221,i
636,67,g
636,67,d
636,67,h
637,40,d
637,40,a
637,40,g
637,120,b
637,120,g
637,120,f
637,130,c
637,130,b
637,130,a
638,0,b
638,0,d
638,0,g
638,0,f
638,17,g
638,17,i
638,17,b
638,17,f
639,53,i
639,53,h
639,53,b
639,53,d
639,106,h
639,106,i
639,106,f
639,106,c
639,158,b
639,158,c
639,158,i
639,158,e
639,231,d
639,231,h
639,231,b
639,231,j
640,64,e
640,64,f
640,118,j
640,118,i
640,136,i
640,136,d
641,14,i
641,14,j
641,66,c
641,66,a
641,165,c
641,165,b
641,234,e
641,234,a
641,269,g
641,269,f
642,62,i
642,62,e
642,62,h
642,62,c
642,64,g
642,64,e
642,64,d
642,64,h
642,124,i
642,124,e
642,124,a
642,124,j
643,39,h
643,39,c
643,39,j
643,77,c
643,77,i
643,77,h
644,74,d
644,74,a
644,74,h
644,74,g
644,80,c
644,80,b
644,80,i
644,80,a
644,163,c
644,163,h
644,163,j
644,163,a
644,245,i
644,245,h
644,245,d
644,245,a
645,28,d
645,28,h
645,28,b
645,75,e
645,75,d
645,75,g
645,141,g
645,141,j
645,141,d
646,63,b
646,63,f
646,63,h
646,63,d
646,140,i
646,140,c
646,140,e
646,140,b
646,179,b
646,179,h
646,179,f
646,179,g
646,247,j
646,247,h
646,247,c
646,247,e
647,39,e
647,39,b
647,39,f
648,78,c
648,78,g
648,78,h
648,78,f
648,107,h
648,107,d
648,107,i
648,107,f
648,123,j
648,123,b
648,123,d
648,123,a
648,197,d
648,197,i
648,197,e
648,197,c
649,34,f
649,34,e
649,34,a
649,78,b
649,78,c
649,78,g
649,170,a
649,170,f
649,170,i
649,171,e
649,171,g
649,171,h
650,51,d
650,141,a
651,24,a
651,57,f
651,66,a
651,153,j
651,185,c
652,64,g
652,64,j
652,64,a
652,64,f
652,137,h
652,137,d
652,137,g
652,137,j
653,10,a
654,75,a
654,75,e
654,75,f
654,75,b
655,35,i
655,35,h
655,35,e
655,35,g
655,95,a
655,95,d
655,95,j
655,95,g
656,28,c
656,77,e
657,96,i
657,122,i
657,182,c
658,31,b
658,31,j
658,31,c
658,83,c
658,83,f
658,83,e
658,130,d
658,130,j
658,130,i
658,226,f
658,226,b
658,226,h
659,100,e
659,100,i
659,100,b
659,100,f
659,124,b
659,124,g
659,124,c
659,124,h
659,224,a
659,224,d
659,224,j
659,224,h
659,277,i
659,277,b
659,277,d
659,277,g
659,278,i
659,278,d
659,278,c
659,278,a
660,40,j
660,40,d
660,40,g
660,81,d
660,81,f
660,81,b
661,45,f
661,45,g
661,58,g
661,58,i
661,129,f
661,129,g
662,59,b
662,72,h
663,60,b
663,60,g
663,60,f
663,83,c
663,83,h
663,83,e
663,92,f
663,92,d
663,92,i
663,109,i
663,109,f
663,109,g
663,144,a
663,144,c
663,144,b
664,26,j
664,26,i
664,90,e
664,90,a
665,93,j
665,93,d
665,93,a
665,102,c
665,102,d
665,102,g
666,45,h
666,45,j
666,99,j
666,99,e
667,54,d
667,114,h
667,133,h
668,38,f
668,38,a
668,38,b
669,47,i
669,47,b
669,84,i
669,84,h
670,59,g
670,59,h
670,59,a
670,59,b
670,123,h
670,123,b
670,123,d
670,123,j
670,174,d
670,174,c
670,174,b
670,174,j
671,78,f
671,176,h
671,224,i
671,321,c
671,392,f
672,25,b
672,25,a
672,25,j
672,38,h
672,38,f
672,38,a
672,51,f
672,51,a
672,51,h
672,129,j
672,129,c
672,129,a
672,155,e
672,155,f
672,155,a
673,80,j
673,80,h
673,80,d
673,80,f
673,89,a
673,89,h
673,89,d
673,89,b
674,97,a
674,97,f
674,97,j
674,97,i
674,120,e
674,120,g
674,120,a
674,120,j
674,145,f
674,145,b
674,145,e
674,145,g
674,201,c
674,201,d
674,201,i
674,201,e
674,224,h
674,224,g
674,224,b
674,224,f
675,2,b
675,2,c
675,2,g
676,100,b
677,36,e
677,65,e
678,11,i
678,32,a
678,83,c
678,156,b
679,45,j
679,45,a
679,45,i
679,96,a
679,96,f
679,96,d
679,158,i
679,158,b
679,158,c
680,82,d
680,126,e
680,180,j
681,36,e
681,36,a
681,36,g
681,36,i
681,101,f
681,101,a
681,101,i
681,101,e
681,106,i
681,106,b
681,106,g
681,106,e
682,78,d
682,78,e
682,107,b
682,107,d
683,18,a
683,18,c
684,99,e
684,99,g
684,99,f
684,99,h
684,134,b
684,134,c
684,134,i
684,134,f
685,5,h
685,99,d
685,137,d
685,139,a
686,1,c
686,2,e
687,37,d
687,51,a
687,88,c
687,88,c
687,104,g
688,3,j
688,3,h
688,3,c
688,85,i
688,85,j
688,85,c
688,178,f
688,178,e
688,178,c
688,203,b
688,203,g
688,203,i
689,93,e
689,93,h
690,81,a
690,81,j
690,81,b
690,81,g
690,144,b
690,144,c
690,144,a
690,144,e
690,187,a
690,187,e
690,187,f
690,187,g
690,226,h
690,226,d
690,226,g
690,226,e
691,75,d
691,133,a
691,197,e
692,17,h
692,17,c
693,44,b
693,84,c
693,143,b
693,208,i
693,300,i
694,66,c
694,66,h
694,66,g
694,66,e
694,110,j
694,110,f
694,110,c
694,110,d
694,119,i
694,119,g
694,119,j
694,119,c
694,149,d
694,149,e
694,149,i
694,149,f
695,27,b
695,27,j
695,27,i
695,99,f
695,99,g
695,99,e
695,166,c
695,166,a
695,166,e
695,181,h
695,181,e
695,181,f
696,74,d
696,74,j
696,78,g
696,78,e
696,143,a
696,143,d
697,79,h
697,79,c
697,79,i
697,101,b
697,101,e
697,101,j
698,74,h
698,157,a
699,68,c
699,68,f
699,68,g
699,147,e
699,147,b
699,147,d
699,200,i
699,200,b
699,200,h
699,262,a
699,262,f
699,262,d
699,356,a
699,356,b
699,356,d
700,99,h
700,162,g
700,199,a
701,53,g
701,53,j
701,93,g
701,93,j
701,153,f
701,153,b
702,10,b
702,10,g
702,10,j
702,10,e
702,66,e
702,66,g
702,66,a
702,66,f
702,133,e
702,133,h
702,133,b
702,133,c
702,208,d
702,208,g
702,208,a
702,208,h
702,220,d
702,220,j
702,220,f
702,220,a
703,18,b
703,18,g
703,18,a
703,60,a
703,60,e
703,60,d
703,112,f
703,112,c
703,112,a
703,161,c
703,161,a
703,161,g
704,73,d
704,73,i
704,73,g
704,73,j
704,100,d
704,100,b
704,100,h
704,100,a
704,178,h
704,178,d
704,178,a
704,178,j
704,271,a
704,271,e
704,271,i
704,271,j
704,276,g
704,276,i
704,276,d
704,276,f
705,4,d
705,4,c
705,4,a
705,4,h
705,97,e
705,97,c
705,97,h
705,97,i
705,195,b
705,195,a
705,195,c
705,195,j
705,257,a
705,257,e
705,257,g
705,257,f
705,284,c
705,284,g
705,284,h
705,284,f
706,22,g
706,121,d
706,214,g
707,56,h
707,56,j
707,56,e
708,55,i
708,55,d
708,55,j
708,70,h
708,70,i
708,70,j
708,111,e
708,111,d
708,111,a
709,28,e
709,28,d
709,28,b
709,28,j
709,68,b
709,68,d
709,68,i
709,68,e
709,148,e
709,148,b
709,148,h
709,148,f
709,168,b
709,168,f
709,168,h
709,168,e
709,200,a
709,200,c
709,200,b
709,200,g
710,94,a
710,94,f
710,94,j
711,62,h
712,60,c
712,114,d
712,203,e
712,225,e
713,88,h
713,150,h
714,60,h
714,60,e
714,146,i
714,146,b
714,166,j
714,166,e
715,89,d
715,89,g
715,156,a
715,156,j
715,240,h
715,240,i
715,283,h
715,283,a
716,10,h
716,10,g
716,10,c
716,54,j
716,54,b
716,54,e
716,126,e
716,126,h
716,126,d
716,207,d
716,207,h
716,207,e
716,277,e
716,277,d
716,277,h
717,19,a
717,48,f
717,120,g
718,80,f
718,80,b
718,80,g
719,90,a
719,90,c
719,90,j
719,90,f
719,178,g
719,178,j
719,178,c
719,178,h
719,261,b
719,261,f
719,261,e
719,261,h
719,348,i
719,348,h
719,348,j
719,348,d
719,411,b
719,411,e
719,411,i
719,411,f
720,9,a
720,45,c
720,62,j
720,149,h
720,165,a
721,80,i
721,80,d
721,134,d
721,134,j
721,229,g
721,229,f
722,83,h
722,83,a
722,116,h
722,116,b
722,211,d
722,211,i
722,297,a
722,297,c
722,322,c
722,322,j
723,10,f
723,99,h
723,151,i
723,215,b
723,236,e
724,30,f
724,64,e
725,67,i
725,131,d
725,178,c
725,225,j
726,50,b
726,50,h
726,50,f
726,50,i
726,71,e
726,71,g
726,71,h
726,71,a
727,87,a
727,87,h
727,104,e
727,104,a
727,192,b
727,192,e
728,54,b
728,54,f
728,129,h
728,129,j
728,216,h
728,216,j
728,307,d
728,307,g
729,56,d
729,56,g
729,56,j
729,56,a
730,36,g
730,36,a
730,36,h
730,36,e
730,129,f
730,129,a
730,129,b
730,129,g
730,169,e
730,169,d
730,169,g
730,169,a
731,52,f
731,52,i
731,136,e
731,136,d
731,169,e
731,169,d
732,7,e
732,7,b
732,7,d
732,33,h
732,33,c
732,33,e
732,112,d
732,112,b
732,112,a
732,141,e
732,141,j
732,141,f
732,142,c
732,142,g
732,142,h
733,36,g
733,101,j
733,101,i
733,116,i
733,168,d
734,84,a
734,178,e
734,258,d
734,333,c
735,31,e
735,31,f
735,101,h
735,101,j
735,137,j
735,137,c
736,66,h
736,66,g
736,66,b
736,66,a
736,112,b
736,112,d
736,112,e
736,112,c
736,172,e
736,172,j
736,172,g
736,172,i
737,88,b
738,73,h
739,23,e
739,23,b
739,107,i
739,107,a
739,157,e
739,157,h
740,98,h
740,98,e
740,98,i
740,98,j
740,123,d
740,123,j
740,123,a
740,123,g
740,188,c
740,188,g
740,188,i
740,188,d
741,63,f
741,63,g
741,63,d
742,69,f
742,95,i
743,43,d
743,43,c
743,43,b
744,20,b
744,20,d
744,20,e
744,20,f
744,114,e
744,114,j
744,114,d
744,114,f
744,181,d
744,181,c
744,181,i
744,181,h
744,248,h
744,248,i
744,248,a
744,248,f
744,318,f
744,318,c
744,318,h
744,318,j
745,73,e
745,78,c
745,92,e
745,111,b
745,209,i
746,34,h
746,34,c
746,34,b
746,34,f
746,119,e
746,119,h
746,119,d
746,119,b
746,205,j
746,205,g
746,205,c
746,205,a
747,37,h
747,37,b
747,37,e
747,37,j
747,77,c
747,77,d
747,77,f
747,77,a
747,168,b
747,168,c
747,168,d
747,168,j
747,187,g
747,187,e
747,187,a
747,187,h
747,230,a
747,230,b
747,230,e
747,230,h
748,10,e
748,10,f
748,10,g
748,10,j
748,85,d
748,85,e
748,85,h
748,85,f
748,101,h
748,101,a
748,101,i
748,101,f
749,77,f
749,77,h
749,77,a
749,77,c
749,151,h
749,151,c
749,151,f
749,151,e
750,79,b
750,79,j
751,50,j
751,50,b
751,113,c
751,113,h
751,142,j
751,142,e
752,20,d
752,20,e
752,20,g
752,20,h
752,23,h
752,23,e
752,23,j
752,23,f
752,46,b
752,46,f
752,46,j
752,46,g
752,49,c
752,49,h
752,49,j
752,49,g
753,66,d
753,66,j
753,97,h
753,97,a
754,22,h
754,22,f
754,22,c
754,22,b
755,97,g
755,192,c
755,221,b
756,35,e
756,35,g
756,35,f
757,34,e
757,34,b
757,49,i
757,49,f
757,92,j
757,92,d
757,143,f
757,143,e
757,147,h
757,147,c
758,83,e
758,83,j
758,103,f
758,103,j
758,169,d
758,169,a
759,32,g
760,55,f
760,55,i
760,55,j
760,151,e
760,151,b
760,151,f
760,241,j
760,241,e
760,241,c
760,305,c
760,305,b
760,305,h
760,381,i
760,381,j
760,381,g
761,23,h
761,23,f
761,23,d
762,21,c
762,21,h
762,35,c
762,35,f
763,6,h
763,6,i
763,41,d
763,41,g
764,90,a
764,90,e
764,90,f
764,180,b
764,180,d
764,180,i
765,70,c
765,70,g
765,70,d
765,70,f
765,72,f
765,72,c
765,72,i
765,72,a
765,161,h
765,161,b
765,161,i
765,161,d
766,90,i
766,121,j
767,65,e
767,65,g
767,127,c
767,127,g
768,72,j
768,106,a
768,115,j
769,54,g
769,54,d
769,98,f
769,98,h
769,142,i
769,142,h
770,55,d
770,55,j
770,132,c
770,132,h
770,155,h
770,155,i
770,167,h
770,167,g
771,29,a
771,29,f
771,29,c
772,46,a
772,46,h
772,70,g
772,70,j
772,149,h
772,149,d
772,151,f
772,151,g
772,224,a
772,224,d
773,21,c
773,103,a
773,191,h
774,82,b
774,82,i
775,54,e
775,54,f
775,89,i
775,89,e
776,29,b
776,29,j
776,29,c
777,35,j
777,35,e
777,35,c
777,61,i
777,61,e
777,61,g
777,106,j
777,106,e
777,106,f
777,143,c
777,143,b
777,143,i
777,161,c
777,161,h
777,161,a
778,70,b
778,70,j
779,42,i
779,42,d
779,49,g
779,49,e
779,54,f
779,54,e
779,130,a
779,130,f
779,177,c
779,177,g
780,39,c
780,39,f
780,39,a
780,39,h
780,89,d
780,89,c
780,89,b
780,89,a
780,181,c
780,181,f
780,181,j
780,181,b
781,53,a
781,53,g
781,55,b
781,55,j
781,62,i
781,62,d
781,147,b
781,147,d
781,219,b
781,219,j
782,64,g
782,64,c
782,128,j
782,128,d
782,154,g
782,154,f
782,226,f
782,226,a
782,259,b
782,259,i
783,88,i
783,88,d
783,88,a
783,88,b
783,140,f
783,140,b
783,140,a
783,140,d
783,204,c
783,204,d
783,204,e
783,204,g
783,206,d
783,206,b
783,206,j
783,206,e
783,271,i
783,271,h
783,271,d
783,271,g
784,59,j
784,59,b
784,59,i
784,67,c
784,67,a
784,67,b
784,97,b
784,97,d
784,97,e
785,10,h
785,10,b
785,10,f
785,71,f
785,71,a
785,71,g
785,104,b
785,104,j
785,104,c
785,167,f
785,167,h
785,167,c
785,177,a
785,177,c
785,177,e
786,97,d
786,97,a
786,97,h
786,103,b
786,103,h
786,103,d
786,188,e
786,188,a
786,188,c
787,41,j
787,41,g
787,41,a
787,41,e
787,140,b
787,140,g
787,140,j
787,140,e
788,6,f
788,6,a
788,6,c
788,68,d
788,68,h
788,68,c
788,167,j
788,167,c
788,167,g
788,209,c
788,209,d
788,209,i
789,63,i
789,63,d
789,113,c
789,113,a
789,188,j
789,188,c
